,danceability,energy,key,loudness,mode,speechiness,acousticness,instrumentalness,liveness,valence,tempo,type,id,uri,track_href,analysis_url,duration_ms,time_signature,error
0,0.746,0.69,11.0,-7.956,1.0,0.164,0.247,0.0,0.101,0.497,89.977,audio_features,7ytR5pFWmSjzHJIeQkgog4,spotify:track:7ytR5pFWmSjzHJIeQkgog4,https://api.spotify.com/v1/tracks/7ytR5pFWmSjzHJIeQkgog4,https://api.spotify.com/v1/audio-analysis/7ytR5pFWmSjzHJIeQkgog4,181733.0,4.0,
1,0.716,0.537,0.0,-7.648,0.0,0.0514,0.233,0.0,0.157,0.28,129.979,audio_features,39Yp9wwQiSRIDOvrVg7mbk,spotify:track:39Yp9wwQiSRIDOvrVg7mbk,https://api.spotify.com/v1/tracks/39Yp9wwQiSRIDOvrVg7mbk,https://api.spotify.com/v1/audio-analysis/39Yp9wwQiSRIDOvrVg7mbk,165978.0,4.0,
2,0.774,0.554,0.0,-7.909,1.0,0.0383,0.207,0.0,0.132,0.349,99.034,audio_features,22LAwLoDA5b4AaGSkg6bKW,spotify:track:22LAwLoDA5b4AaGSkg6bKW,https://api.spotify.com/v1/tracks/22LAwLoDA5b4AaGSkg6bKW,https://api.spotify.com/v1/audio-analysis/22LAwLoDA5b4AaGSkg6bKW,162547.0,4.0,
3,0.514,0.73,1.0,-5.934,1.0,0.0598,0.00146,9.54e-05,0.0897,0.334,171.005,audio_features,0VjIjW4GlUZAMYd2vXMi3b,spotify:track:0VjIjW4GlUZAMYd2vXMi3b,https://api.spotify.com/v1/tracks/0VjIjW4GlUZAMYd2vXMi3b,https://api.spotify.com/v1/audio-analysis/0VjIjW4GlUZAMYd2vXMi3b,200040.0,4.0,
4,0.83,0.49,1.0,-8.82,0.0,0.209,0.289,3.04e-06,0.113,0.845,81.604,audio_features,466cKvZn1j45IpxDdYZqdA,spotify:track:466cKvZn1j45IpxDdYZqdA,https://api.spotify.com/v1/tracks/466cKvZn1j45IpxDdYZqdA,https://api.spotify.com/v1/audio-analysis/466cKvZn1j45IpxDdYZqdA,247059.0,4.0,
5,0.611,0.688,1.0,-5.688,1.0,0.341,0.0264,0.0,0.251,0.393,178.462,audio_features,4NhDYoQTYCdWHTvlbGVgwo,spotify:track:4NhDYoQTYCdWHTvlbGVgwo,https://api.spotify.com/v1/tracks/4NhDYoQTYCdWHTvlbGVgwo,https://api.spotify.com/v1/audio-analysis/4NhDYoQTYCdWHTvlbGVgwo,132303.0,4.0,
6,0.896,0.586,10.0,-6.687,0.0,0.0559,0.104,0.0,0.79,0.642,116.971,audio_features,0nbXyq5TXYPCO7pr3N8S4I,spotify:track:0nbXyq5TXYPCO7pr3N8S4I,https://api.spotify.com/v1/tracks/0nbXyq5TXYPCO7pr3N8S4I,https://api.spotify.com/v1/audio-analysis/0nbXyq5TXYPCO7pr3N8S4I,196653.0,4.0,
7,0.728,0.431,6.0,-9.966,0.0,0.0622,0.749,0.0,0.0996,0.629,130.022,audio_features,5RqR4ZCCKJDcBLIn4sih9l,spotify:track:5RqR4ZCCKJDcBLIn4sih9l,https://api.spotify.com/v1/tracks/5RqR4ZCCKJDcBLIn4sih9l,https://api.spotify.com/v1/audio-analysis/5RqR4ZCCKJDcBLIn4sih9l,147800.0,4.0,
8,0.77,0.724,8.0,-5.484,1.0,0.0495,0.0167,0.0107,0.353,0.898,121.975,audio_features,24Yi9hE78yPEbZ4kxyoXAI,spotify:track:24Yi9hE78yPEbZ4kxyoXAI,https://api.spotify.com/v1/tracks/24Yi9hE78yPEbZ4kxyoXAI,https://api.spotify.com/v1/audio-analysis/24Yi9hE78yPEbZ4kxyoXAI,176840.0,4.0,
9,0.597,0.45,8.0,-6.658,1.0,0.0418,0.223,0.0,0.382,0.537,178.765,audio_features,4HBZA5flZLE435QTztThqH,spotify:track:4HBZA5flZLE435QTztThqH,https://api.spotify.com/v1/tracks/4HBZA5flZLE435QTztThqH,https://api.spotify.com/v1/audio-analysis/4HBZA5flZLE435QTztThqH,228482.0,3.0,
10,0.923,0.604,11.0,-6.671,0.0,0.245,0.017,0.0,0.272,0.826,145.062,audio_features,1jaTQ3nqY3oAAYyCTbIvnM,spotify:track:1jaTQ3nqY3oAAYyCTbIvnM,https://api.spotify.com/v1/tracks/1jaTQ3nqY3oAAYyCTbIvnM,https://api.spotify.com/v1/audio-analysis/1jaTQ3nqY3oAAYyCTbIvnM,139741.0,4.0,
11,0.822,0.743,10.0,-4.772,0.0,0.28,0.016,0.0,0.127,0.636,84.459,audio_features,5v4GgrXPMghOnBBLmveLac,spotify:track:5v4GgrXPMghOnBBLmveLac,https://api.spotify.com/v1/tracks/5v4GgrXPMghOnBBLmveLac,https://api.spotify.com/v1/audio-analysis/5v4GgrXPMghOnBBLmveLac,242001.0,4.0,
12,0.795,0.574,2.0,-6.903,0.0,0.487,0.067,0.0,0.15,0.537,142.053,audio_features,1K5KBOgreBi5fkEHvg5ap3,spotify:track:1K5KBOgreBi5fkEHvg5ap3,https://api.spotify.com/v1/tracks/1K5KBOgreBi5fkEHvg5ap3,https://api.spotify.com/v1/audio-analysis/1K5KBOgreBi5fkEHvg5ap3,237918.0,4.0,
13,0.691,0.632,1.0,-7.598,1.0,0.0513,0.122,0.0,0.0646,0.488,169.982,audio_features,4kfeRwpq5KUaqTkgi4TbDF,spotify:track:4kfeRwpq5KUaqTkgi4TbDF,https://api.spotify.com/v1/tracks/4kfeRwpq5KUaqTkgi4TbDF,https://api.spotify.com/v1/audio-analysis/4kfeRwpq5KUaqTkgi4TbDF,205666.0,4.0,
14,0.629,0.692,5.0,-8.045,1.0,0.0376,0.00981,0.331,0.603,0.453,162.948,audio_features,527k23H0A4Q0UJN3vGs0Da,spotify:track:527k23H0A4Q0UJN3vGs0Da,https://api.spotify.com/v1/tracks/527k23H0A4Q0UJN3vGs0Da,https://api.spotify.com/v1/audio-analysis/527k23H0A4Q0UJN3vGs0Da,167916.0,4.0,
15,0.707,0.622,0.0,-6.951,1.0,0.031,0.0397,0.0,0.149,0.223,142.942,audio_features,0OyQns5ayNK2OVaES0Vb8t,spotify:track:0OyQns5ayNK2OVaES0Vb8t,https://api.spotify.com/v1/tracks/0OyQns5ayNK2OVaES0Vb8t,https://api.spotify.com/v1/audio-analysis/0OyQns5ayNK2OVaES0Vb8t,243357.0,4.0,
16,0.726,0.431,8.0,-8.765,0.0,0.135,0.731,0.0,0.696,0.348,144.026,audio_features,7eJMfftS33KTjuF7lTsMCx,spotify:track:7eJMfftS33KTjuF7lTsMCx,https://api.spotify.com/v1/tracks/7eJMfftS33KTjuF7lTsMCx,https://api.spotify.com/v1/audio-analysis/7eJMfftS33KTjuF7lTsMCx,173333.0,4.0,
17,0.867,0.744,9.0,-5.171,0.0,0.228,0.268,0.0,0.0713,0.645,84.005,audio_features,4cSSL3YafYjM3yjgFO1vJg,spotify:track:4cSSL3YafYjM3yjgFO1vJg,https://api.spotify.com/v1/tracks/4cSSL3YafYjM3yjgFO1vJg,https://api.spotify.com/v1/audio-analysis/4cSSL3YafYjM3yjgFO1vJg,173288.0,4.0,
18,0.856,0.641,11.0,-4.64,0.0,0.204,0.119,4.97e-06,0.427,0.745,111.004,audio_features,11VApNQCWLJdzxWrlmwzUa,spotify:track:11VApNQCWLJdzxWrlmwzUa,https://api.spotify.com/v1/tracks/11VApNQCWLJdzxWrlmwzUa,https://api.spotify.com/v1/audio-analysis/11VApNQCWLJdzxWrlmwzUa,206221.0,4.0,
19,0.878,0.525,5.0,-6.832,1.0,0.0578,0.183,0.0,0.0714,0.694,112.022,audio_features,1Cv1YLb4q0RzL6pybtaMLo,spotify:track:1Cv1YLb4q0RzL6pybtaMLo,https://api.spotify.com/v1/tracks/1Cv1YLb4q0RzL6pybtaMLo,https://api.spotify.com/v1/audio-analysis/1Cv1YLb4q0RzL6pybtaMLo,158571.0,4.0,
20,0.695,0.762,0.0,-3.497,1.0,0.0395,0.192,0.00244,0.0863,0.553,120.042,audio_features,21jGcNKet2qwijlDFuPiPb,spotify:track:21jGcNKet2qwijlDFuPiPb,https://api.spotify.com/v1/tracks/21jGcNKet2qwijlDFuPiPb,https://api.spotify.com/v1/audio-analysis/21jGcNKet2qwijlDFuPiPb,215280.0,4.0,
21,0.806,0.546,9.0,-6.637,1.0,0.0575,0.3,0.0,0.102,0.874,147.986,audio_features,4umIPjkehX1r7uhmGvXiSV,spotify:track:4umIPjkehX1r7uhmGvXiSV,https://api.spotify.com/v1/tracks/4umIPjkehX1r7uhmGvXiSV,https://api.spotify.com/v1/audio-analysis/4umIPjkehX1r7uhmGvXiSV,212867.0,4.0,
22,0.794,0.793,11.0,-4.521,0.0,0.0842,0.0125,0.0,0.0952,0.677,123.941,audio_features,3PfIrDoz19wz7qK7tYeu62,spotify:track:3PfIrDoz19wz7qK7tYeu62,https://api.spotify.com/v1/tracks/3PfIrDoz19wz7qK7tYeu62,https://api.spotify.com/v1/audio-analysis/3PfIrDoz19wz7qK7tYeu62,183290.0,4.0,
23,0.752,0.673,10.0,-5.792,0.0,0.153,0.0538,0.0,0.133,0.35,164.009,audio_features,2QqJTIlGKRLJC3onkavYEz,spotify:track:2QqJTIlGKRLJC3onkavYEz,https://api.spotify.com/v1/tracks/2QqJTIlGKRLJC3onkavYEz,https://api.spotify.com/v1/audio-analysis/2QqJTIlGKRLJC3onkavYEz,163902.0,4.0,
24,0.735,0.449,10.0,-7.507,1.0,0.347,0.629,0.0,0.113,0.0397,122.947,audio_features,4wVOKKEHUJxHCFFNUWDn0B,spotify:track:4wVOKKEHUJxHCFFNUWDn0B,https://api.spotify.com/v1/tracks/4wVOKKEHUJxHCFFNUWDn0B,https://api.spotify.com/v1/audio-analysis/4wVOKKEHUJxHCFFNUWDn0B,220488.0,4.0,
25,0.787,0.673,11.0,-4.577,0.0,0.158,0.256,3.57e-06,0.0904,0.786,110.962,audio_features,3Dv1eDb0MEgF93GpLXlucZ,spotify:track:3Dv1eDb0MEgF93GpLXlucZ,https://api.spotify.com/v1/tracks/3Dv1eDb0MEgF93GpLXlucZ,https://api.spotify.com/v1/audio-analysis/3Dv1eDb0MEgF93GpLXlucZ,237893.0,4.0,
26,0.676,0.771,8.0,-3.675,1.0,0.0483,0.0237,7e-06,0.102,0.569,99.048,audio_features,3jjujdWJ72nww5eGnfs2E7,spotify:track:3jjujdWJ72nww5eGnfs2E7,https://api.spotify.com/v1/tracks/3jjujdWJ72nww5eGnfs2E7,https://api.spotify.com/v1/audio-analysis/3jjujdWJ72nww5eGnfs2E7,207133.0,4.0,
27,0.863,0.631,7.0,-4.689,1.0,0.0534,0.305,3.04e-05,0.123,0.817,128.977,audio_features,4nK5YrxbMGZstTLbvj6Gxw,spotify:track:4nK5YrxbMGZstTLbvj6Gxw,https://api.spotify.com/v1/tracks/4nK5YrxbMGZstTLbvj6Gxw,https://api.spotify.com/v1/audio-analysis/4nK5YrxbMGZstTLbvj6Gxw,223480.0,4.0,
28,0.931,0.667,6.0,-7.043,0.0,0.318,0.0144,0.0,0.15,0.667,142.039,audio_features,021lWIHJrURZrmvYQ1xcM8,spotify:track:021lWIHJrURZrmvYQ1xcM8,https://api.spotify.com/v1/tracks/021lWIHJrURZrmvYQ1xcM8,https://api.spotify.com/v1/audio-analysis/021lWIHJrURZrmvYQ1xcM8,207739.0,4.0,
29,0.621,0.601,6.0,-5.616,0.0,0.148,0.0522,0.0,0.46,0.457,116.735,audio_features,696DnlkuDOXcMAnKlTgXXK,spotify:track:696DnlkuDOXcMAnKlTgXXK,https://api.spotify.com/v1/tracks/696DnlkuDOXcMAnKlTgXXK,https://api.spotify.com/v1/audio-analysis/696DnlkuDOXcMAnKlTgXXK,163636.0,5.0,
30,0.784,0.43,10.0,-8.756,0.0,0.0364,0.123,0.0,0.0887,0.236,127.087,audio_features,2rRJrJEo19S2J82BDsQ3F7,spotify:track:2rRJrJEo19S2J82BDsQ3F7,https://api.spotify.com/v1/tracks/2rRJrJEo19S2J82BDsQ3F7,https://api.spotify.com/v1/audio-analysis/2rRJrJEo19S2J82BDsQ3F7,159382.0,4.0,
31,0.63,0.633,4.0,-7.088,1.0,0.0457,0.00776,0.0,0.0541,0.452,93.995,audio_features,3Z8FwOEN59mRMxDCtb8N0A,spotify:track:3Z8FwOEN59mRMxDCtb8N0A,https://api.spotify.com/v1/tracks/3Z8FwOEN59mRMxDCtb8N0A,https://api.spotify.com/v1/audio-analysis/3Z8FwOEN59mRMxDCtb8N0A,172762.0,4.0,
32,0.841,0.728,7.0,-3.37,1.0,0.0484,0.0847,0.0,0.149,0.43,130.049,audio_features,6gBFPUFcJLzWGx4lenP6h2,spotify:track:6gBFPUFcJLzWGx4lenP6h2,https://api.spotify.com/v1/tracks/6gBFPUFcJLzWGx4lenP6h2,https://api.spotify.com/v1/audio-analysis/6gBFPUFcJLzWGx4lenP6h2,243837.0,4.0,
33,0.831,0.499,11.0,-8.442,0.0,0.114,0.269,0.0,0.3,0.511,97.956,audio_features,07KXEDMj78x68D884wgVEm,spotify:track:07KXEDMj78x68D884wgVEm,https://api.spotify.com/v1/tracks/07KXEDMj78x68D884wgVEm,https://api.spotify.com/v1/audio-analysis/07KXEDMj78x68D884wgVEm,220487.0,4.0,
34,0.768,0.526,0.0,-7.182,1.0,0.209,0.237,0.0,0.139,0.473,139.999,audio_features,740kQ8xwSGloumdiKR5Cwz,spotify:track:740kQ8xwSGloumdiKR5Cwz,https://api.spotify.com/v1/tracks/740kQ8xwSGloumdiKR5Cwz,https://api.spotify.com/v1/audio-analysis/740kQ8xwSGloumdiKR5Cwz,167552.0,4.0,
35,0.68,0.729,5.0,-5.077,1.0,0.0475,0.612,0.0,0.224,0.446,123.97,audio_features,4DpNNXFMMxQEKl7r0ykkWA,spotify:track:4DpNNXFMMxQEKl7r0ykkWA,https://api.spotify.com/v1/tracks/4DpNNXFMMxQEKl7r0ykkWA,https://api.spotify.com/v1/audio-analysis/4DpNNXFMMxQEKl7r0ykkWA,179867.0,4.0,
36,0.755,0.522,2.0,-4.368,1.0,0.0575,0.533,0.0,0.0685,0.925,89.96,audio_features,0RiRZpuVRbi7oqRdSMwhQY,spotify:track:0RiRZpuVRbi7oqRdSMwhQY,https://api.spotify.com/v1/tracks/0RiRZpuVRbi7oqRdSMwhQY,https://api.spotify.com/v1/audio-analysis/0RiRZpuVRbi7oqRdSMwhQY,157560.0,4.0,
37,0.92,0.833,1.0,-3.18,1.0,0.253,0.0277,0.0,0.0596,0.645,141.034,audio_features,4PklAHGXT5ityno3IA8SKd,spotify:track:4PklAHGXT5ityno3IA8SKd,https://api.spotify.com/v1/tracks/4PklAHGXT5ityno3IA8SKd,https://api.spotify.com/v1/audio-analysis/4PklAHGXT5ityno3IA8SKd,165726.0,4.0,
38,0.73,0.729,4.0,-3.434,0.0,0.0886,0.167,1.39e-06,0.349,0.467,113.012,audio_features,017PF4Q3l4DBUiWoXk4OWT,spotify:track:017PF4Q3l4DBUiWoXk4OWT,https://api.spotify.com/v1/tracks/017PF4Q3l4DBUiWoXk4OWT,https://api.spotify.com/v1/audio-analysis/017PF4Q3l4DBUiWoXk4OWT,221820.0,4.0,
39,0.598,0.427,7.0,-8.764,0.0,0.0317,0.0546,5.83e-06,0.21,0.0605,76.469,audio_features,3eekarcy7kvN4yt5ZFzltW,spotify:track:3eekarcy7kvN4yt5ZFzltW,https://api.spotify.com/v1/tracks/3eekarcy7kvN4yt5ZFzltW,https://api.spotify.com/v1/audio-analysis/3eekarcy7kvN4yt5ZFzltW,175721.0,4.0,
40,0.894,0.618,7.0,-4.356,0.0,0.129,0.0808,0.0,0.558,0.379,119.1,audio_features,7IMwEtpAiJanqF6vQteZN2,spotify:track:7IMwEtpAiJanqF6vQteZN2,https://api.spotify.com/v1/tracks/7IMwEtpAiJanqF6vQteZN2,https://api.spotify.com/v1/audio-analysis/7IMwEtpAiJanqF6vQteZN2,161320.0,4.0,
41,0.809,0.545,7.0,-6.678,1.0,0.0735,0.392,0.0,0.151,0.244,97.008,audio_features,3QzAOrNlsabgbMwlZt7TAY,spotify:track:3QzAOrNlsabgbMwlZt7TAY,https://api.spotify.com/v1/tracks/3QzAOrNlsabgbMwlZt7TAY,https://api.spotify.com/v1/audio-analysis/3QzAOrNlsabgbMwlZt7TAY,180435.0,4.0,
42,0.834,0.73,8.0,-3.714,1.0,0.222,0.00513,0.0,0.124,0.446,155.008,audio_features,2xLMifQCjDGFmkHkpNLD9h,spotify:track:2xLMifQCjDGFmkHkpNLD9h,https://api.spotify.com/v1/tracks/2xLMifQCjDGFmkHkpNLD9h,https://api.spotify.com/v1/audio-analysis/2xLMifQCjDGFmkHkpNLD9h,312820.0,4.0,
43,0.77,0.655,8.0,-6.976,0.0,0.296,0.0537,0.0,0.215,0.584,155.039,audio_features,56uXDJRCuoS7abX3SkzHKQ,spotify:track:56uXDJRCuoS7abX3SkzHKQ,https://api.spotify.com/v1/tracks/56uXDJRCuoS7abX3SkzHKQ,https://api.spotify.com/v1/audio-analysis/56uXDJRCuoS7abX3SkzHKQ,224955.0,4.0,
44,0.511,0.566,6.0,-7.23,0.0,0.2,0.349,0.0,0.34,0.218,83.903,audio_features,285pBltuF7vW8TeWk8hdRR,spotify:track:285pBltuF7vW8TeWk8hdRR,https://api.spotify.com/v1/tracks/285pBltuF7vW8TeWk8hdRR,https://api.spotify.com/v1/audio-analysis/285pBltuF7vW8TeWk8hdRR,239836.0,4.0,
45,0.778,0.559,6.0,-7.109,0.0,0.0776,0.128,0.0,0.399,0.678,129.989,audio_features,7aiClxsDWFRQ0Kzk5KI5ku,spotify:track:7aiClxsDWFRQ0Kzk5KI5ku,https://api.spotify.com/v1/tracks/7aiClxsDWFRQ0Kzk5KI5ku,https://api.spotify.com/v1/audio-analysis/7aiClxsDWFRQ0Kzk5KI5ku,185093.0,1.0,
46,0.58,0.586,1.0,-6.883,1.0,0.0357,0.344,0.0,0.0755,0.507,147.988,audio_features,7xbWAw3LMgRMn4omR5yVn3,spotify:track:7xbWAw3LMgRMn4omR5yVn3,https://api.spotify.com/v1/tracks/7xbWAw3LMgRMn4omR5yVn3,https://api.spotify.com/v1/audio-analysis/7xbWAw3LMgRMn4omR5yVn3,199549.0,4.0,
47,0.775,0.72,11.0,-5.353,0.0,0.193,0.0236,0.0,0.114,0.49,155.086,audio_features,3kW4z2pIj5VY5fLjBrMRL5,spotify:track:3kW4z2pIj5VY5fLjBrMRL5,https://api.spotify.com/v1/tracks/3kW4z2pIj5VY5fLjBrMRL5,https://api.spotify.com/v1/audio-analysis/3kW4z2pIj5VY5fLjBrMRL5,234627.0,4.0,
48,0.843,0.741,11.0,-5.609,1.0,0.334,0.0252,0.0,0.096,0.68,168.983,audio_features,55CHeLEfn5iJ0IIkgaa4si,spotify:track:55CHeLEfn5iJ0IIkgaa4si,https://api.spotify.com/v1/tracks/55CHeLEfn5iJ0IIkgaa4si,https://api.spotify.com/v1/audio-analysis/55CHeLEfn5iJ0IIkgaa4si,155497.0,4.0,
49,0.501,0.405,1.0,-5.679,1.0,0.0319,0.751,0.0,0.105,0.446,109.891,audio_features,7qEHsqek33rTcFNT9PFqLf,spotify:track:7qEHsqek33rTcFNT9PFqLf,https://api.spotify.com/v1/tracks/7qEHsqek33rTcFNT9PFqLf,https://api.spotify.com/v1/audio-analysis/7qEHsqek33rTcFNT9PFqLf,182161.0,4.0,
50,0.829,0.52,8.0,-10.34,1.0,0.294,0.0232,0.0,0.134,0.248,136.103,audio_features,65jw6GhwQW3Db55PxlPEpS,spotify:track:65jw6GhwQW3Db55PxlPEpS,https://api.spotify.com/v1/tracks/65jw6GhwQW3Db55PxlPEpS,https://api.spotify.com/v1/audio-analysis/65jw6GhwQW3Db55PxlPEpS,194118.0,4.0,
51,0.707,0.955,10.0,-4.593,0.0,0.222,0.127,0.0,0.202,0.575,125.989,audio_features,78qd8dvwea0Gosb6Fe6j3k,spotify:track:78qd8dvwea0Gosb6Fe6j3k,https://api.spotify.com/v1/tracks/78qd8dvwea0Gosb6Fe6j3k,https://api.spotify.com/v1/audio-analysis/78qd8dvwea0Gosb6Fe6j3k,134240.0,4.0,
52,0.883,0.808,1.0,-3.158,0.0,0.183,0.0317,0.0,0.207,0.805,119.012,audio_features,3jT2LKH0RSbQ8jIUNFzXm5,spotify:track:3jT2LKH0RSbQ8jIUNFzXm5,https://api.spotify.com/v1/tracks/3jT2LKH0RSbQ8jIUNFzXm5,https://api.spotify.com/v1/audio-analysis/3jT2LKH0RSbQ8jIUNFzXm5,232065.0,4.0,
53,0.674,0.774,11.0,-7.567,0.0,0.0892,0.0686,0.00188,0.393,0.33,112.05,audio_features,62aP9fBQKYKxi7PDXwcUAS,spotify:track:62aP9fBQKYKxi7PDXwcUAS,https://api.spotify.com/v1/tracks/62aP9fBQKYKxi7PDXwcUAS,https://api.spotify.com/v1/audio-analysis/62aP9fBQKYKxi7PDXwcUAS,176547.0,4.0,
54,0.639,0.546,1.0,-5.382,1.0,0.0407,0.0837,0.0,0.122,0.149,122.179,audio_features,4uqh9bualXNHXXwO2wPorc,spotify:track:4uqh9bualXNHXXwO2wPorc,https://api.spotify.com/v1/tracks/4uqh9bualXNHXXwO2wPorc,https://api.spotify.com/v1/audio-analysis/4uqh9bualXNHXXwO2wPorc,173124.0,4.0,
55,0.808,0.745,10.0,-5.26,0.0,0.342,0.145,0.0,0.292,0.829,165.995,audio_features,7FIWs0pqAYbP91WWM0vlTQ,spotify:track:7FIWs0pqAYbP91WWM0vlTQ,https://api.spotify.com/v1/tracks/7FIWs0pqAYbP91WWM0vlTQ,https://api.spotify.com/v1/audio-analysis/7FIWs0pqAYbP91WWM0vlTQ,210800.0,4.0,
56,0.474,0.631,5.0,-5.884,0.0,0.343,0.0687,0.0,0.132,0.425,180.051,audio_features,6Gg1gjgKi2AK4e0qzsR7sd,spotify:track:6Gg1gjgKi2AK4e0qzsR7sd,https://api.spotify.com/v1/tracks/6Gg1gjgKi2AK4e0qzsR7sd,https://api.spotify.com/v1/audio-analysis/6Gg1gjgKi2AK4e0qzsR7sd,189323.0,4.0,
57,0.464,0.473,1.0,-10.086,1.0,0.129,0.866,0.0,0.109,0.604,75.801,audio_features,2kJwzbxV2ppxnQoYw4GLBZ,spotify:track:2kJwzbxV2ppxnQoYw4GLBZ,https://api.spotify.com/v1/tracks/2kJwzbxV2ppxnQoYw4GLBZ,https://api.spotify.com/v1/audio-analysis/2kJwzbxV2ppxnQoYw4GLBZ,208687.0,4.0,
58,0.825,0.593,6.0,-6.401,0.0,0.0988,0.688,0.000161,0.17,0.54,98.078,audio_features,1rgnBhdG2JDFTbYkYRZAku,spotify:track:1rgnBhdG2JDFTbYkYRZAku,https://api.spotify.com/v1/tracks/1rgnBhdG2JDFTbYkYRZAku,https://api.spotify.com/v1/audio-analysis/1rgnBhdG2JDFTbYkYRZAku,209755.0,4.0,
59,0.769,0.787,11.0,-3.909,1.0,0.367,0.189,0.0,0.129,0.836,126.77,audio_features,6Ozh9Ok6h4Oi1wUSLtBseN,spotify:track:6Ozh9Ok6h4Oi1wUSLtBseN,https://api.spotify.com/v1/tracks/6Ozh9Ok6h4Oi1wUSLtBseN,https://api.spotify.com/v1/audio-analysis/6Ozh9Ok6h4Oi1wUSLtBseN,159715.0,4.0,
60,0.548,0.816,0.0,-4.209,1.0,0.0465,0.122,0.0,0.335,0.557,95.39,audio_features,6UelLqGlWMcVH1E5c4H7lY,spotify:track:6UelLqGlWMcVH1E5c4H7lY,https://api.spotify.com/v1/tracks/6UelLqGlWMcVH1E5c4H7lY,https://api.spotify.com/v1/audio-analysis/6UelLqGlWMcVH1E5c4H7lY,174000.0,4.0,
61,0.825,0.373,5.0,-5.532,0.0,0.108,0.163,0.0,0.368,0.12,77.271,audio_features,6Kj17Afjo1OKJYpf5VzCeo,spotify:track:6Kj17Afjo1OKJYpf5VzCeo,https://api.spotify.com/v1/tracks/6Kj17Afjo1OKJYpf5VzCeo,https://api.spotify.com/v1/audio-analysis/6Kj17Afjo1OKJYpf5VzCeo,149078.0,4.0,
62,0.685,0.692,2.0,-5.122,1.0,0.0457,0.328,0.0,0.153,0.578,159.966,audio_features,6Hj9jySrnFppAI0sEMCZpJ,spotify:track:6Hj9jySrnFppAI0sEMCZpJ,https://api.spotify.com/v1/tracks/6Hj9jySrnFppAI0sEMCZpJ,https://api.spotify.com/v1/audio-analysis/6Hj9jySrnFppAI0sEMCZpJ,240051.0,5.0,
63,0.667,0.719,7.0,-5.371,0.0,0.0346,0.00285,8.1e-05,0.0736,0.717,100.021,audio_features,7szuecWAPwGoV1e5vGu8tl,spotify:track:7szuecWAPwGoV1e5vGu8tl,https://api.spotify.com/v1/tracks/7szuecWAPwGoV1e5vGu8tl,https://api.spotify.com/v1/audio-analysis/7szuecWAPwGoV1e5vGu8tl,237520.0,4.0,
64,0.86,0.758,11.0,-5.16,1.0,0.0695,0.021,6.54e-05,0.344,0.453,97.014,audio_features,0SqqAgdovOE24BzxIClpjw,spotify:track:0SqqAgdovOE24BzxIClpjw,https://api.spotify.com/v1/tracks/0SqqAgdovOE24BzxIClpjw,https://api.spotify.com/v1/audio-analysis/0SqqAgdovOE24BzxIClpjw,172127.0,4.0,
65,0.459,0.575,3.0,-4.858,1.0,0.0573,0.604,0.0,0.0885,0.183,111.881,audio_features,2gMXnyrvIjhVBUZwvLZDMP,spotify:track:2gMXnyrvIjhVBUZwvLZDMP,https://api.spotify.com/v1/tracks/2gMXnyrvIjhVBUZwvLZDMP,https://api.spotify.com/v1/audio-analysis/2gMXnyrvIjhVBUZwvLZDMP,215107.0,4.0,
66,0.929,0.7,0.0,-5.595,0.0,0.0906,0.144,0.0,0.349,0.802,120.009,audio_features,4xqIYGwwZTEem9U8A42SPF,spotify:track:4xqIYGwwZTEem9U8A42SPF,https://api.spotify.com/v1/tracks/4xqIYGwwZTEem9U8A42SPF,https://api.spotify.com/v1/audio-analysis/4xqIYGwwZTEem9U8A42SPF,132024.0,4.0,
67,0.474,0.681,4.0,-3.473,0.0,0.038,0.0263,4.27e-05,0.0972,0.0384,121.96,audio_features,3WnTQDd9A3bpBfzCziElU9,spotify:track:3WnTQDd9A3bpBfzCziElU9,https://api.spotify.com/v1/tracks/3WnTQDd9A3bpBfzCziElU9,https://api.spotify.com/v1/audio-analysis/3WnTQDd9A3bpBfzCziElU9,283270.0,4.0,
68,0.655,0.441,9.0,-5.245,0.0,0.0629,0.474,0.0,0.099,0.273,139.957,audio_features,4S2uhQE8L9V6p7rj7SiauJ,spotify:track:4S2uhQE8L9V6p7rj7SiauJ,https://api.spotify.com/v1/tracks/4S2uhQE8L9V6p7rj7SiauJ,https://api.spotify.com/v1/audio-analysis/4S2uhQE8L9V6p7rj7SiauJ,225857.0,4.0,
69,0.712,0.599,7.0,-5.368,0.0,0.0388,0.0554,0.0,0.154,0.503,130.007,audio_features,2ajzBr7vwHTEBeqDzcsNRC,spotify:track:2ajzBr7vwHTEBeqDzcsNRC,https://api.spotify.com/v1/tracks/2ajzBr7vwHTEBeqDzcsNRC,https://api.spotify.com/v1/audio-analysis/2ajzBr7vwHTEBeqDzcsNRC,212354.0,4.0,
70,0.764,0.555,11.0,-6.414,1.0,0.0604,0.275,0.0,0.0824,0.255,111.004,audio_features,5mTL8ZHcB2LJdlrR78xJYr,spotify:track:5mTL8ZHcB2LJdlrR78xJYr,https://api.spotify.com/v1/tracks/5mTL8ZHcB2LJdlrR78xJYr,https://api.spotify.com/v1/audio-analysis/5mTL8ZHcB2LJdlrR78xJYr,169227.0,4.0,
71,0.704,0.225,6.0,-14.454,0.0,0.0994,0.902,0.657,0.106,0.243,120.006,audio_features,3ZCTVFBt2Brf31RLEnCkWJ,spotify:track:3ZCTVFBt2Brf31RLEnCkWJ,https://api.spotify.com/v1/tracks/3ZCTVFBt2Brf31RLEnCkWJ,https://api.spotify.com/v1/audio-analysis/3ZCTVFBt2Brf31RLEnCkWJ,245426.0,4.0,
72,0.671,0.529,0.0,-7.226,1.0,0.307,0.0769,0.000335,0.0856,0.203,161.989,audio_features,4VXIryQMWpIdGgYR4TrjT1,spotify:track:4VXIryQMWpIdGgYR4TrjT1,https://api.spotify.com/v1/tracks/4VXIryQMWpIdGgYR4TrjT1,https://api.spotify.com/v1/audio-analysis/4VXIryQMWpIdGgYR4TrjT1,165820.0,4.0,
73,0.701,0.546,6.0,-5.918,0.0,0.133,0.435,0.0,0.188,0.118,151.9,audio_features,6QeUzTuBoasiii8nevDciq,spotify:track:6QeUzTuBoasiii8nevDciq,https://api.spotify.com/v1/tracks/6QeUzTuBoasiii8nevDciq,https://api.spotify.com/v1/audio-analysis/6QeUzTuBoasiii8nevDciq,201980.0,4.0,
74,0.876,0.479,4.0,-6.687,0.0,0.44,0.703,0.0,0.102,0.776,133.86,audio_features,4zTPYAf5scZdp0LnwPPeWK,spotify:track:4zTPYAf5scZdp0LnwPPeWK,https://api.spotify.com/v1/tracks/4zTPYAf5scZdp0LnwPPeWK,https://api.spotify.com/v1/audio-analysis/4zTPYAf5scZdp0LnwPPeWK,115200.0,4.0,
75,0.814,0.584,1.0,-5.425,1.0,0.0819,0.00839,0.0,0.0646,0.405,141.016,audio_features,568OIKgeHyGRD3uWR44JbO,spotify:track:568OIKgeHyGRD3uWR44JbO,https://api.spotify.com/v1/tracks/568OIKgeHyGRD3uWR44JbO,https://api.spotify.com/v1/audio-analysis/568OIKgeHyGRD3uWR44JbO,178025.0,4.0,
76,0.783,0.479,7.0,-10.646,1.0,0.541,0.149,0.0,0.101,0.533,176.027,audio_features,3JKgcAa7r07ocVWcV8bS0H,spotify:track:3JKgcAa7r07ocVWcV8bS0H,https://api.spotify.com/v1/tracks/3JKgcAa7r07ocVWcV8bS0H,https://api.spotify.com/v1/audio-analysis/3JKgcAa7r07ocVWcV8bS0H,163798.0,4.0,
77,0.715,0.827,4.0,-5.09,0.0,0.0617,0.0485,3.61e-05,0.321,0.75,117.977,audio_features,77fvnWALKJR0ws1VUx09CY,spotify:track:77fvnWALKJR0ws1VUx09CY,https://api.spotify.com/v1/tracks/77fvnWALKJR0ws1VUx09CY,https://api.spotify.com/v1/audio-analysis/77fvnWALKJR0ws1VUx09CY,185277.0,4.0,
78,0.597,0.477,1.0,-9.638,0.0,0.642,0.137,0.0,0.113,0.512,80.382,audio_features,4SIB2yxKoFOrbkjA4zfQbB,spotify:track:4SIB2yxKoFOrbkjA4zfQbB,https://api.spotify.com/v1/tracks/4SIB2yxKoFOrbkjA4zfQbB,https://api.spotify.com/v1/audio-analysis/4SIB2yxKoFOrbkjA4zfQbB,171442.0,4.0,
79,0.836,0.617,0.0,-4.363,1.0,0.0534,0.17,0.0,0.319,0.866,138.066,audio_features,7wsmIIm0xWmtP7TmACXkJn,spotify:track:7wsmIIm0xWmtP7TmACXkJn,https://api.spotify.com/v1/tracks/7wsmIIm0xWmtP7TmACXkJn,https://api.spotify.com/v1/audio-analysis/7wsmIIm0xWmtP7TmACXkJn,206702.0,4.0,
80,0.832,0.534,1.0,-7.813,0.0,0.253,0.345,0.0,0.165,0.116,93.924,audio_features,1VLtjHwRWOVJiE5Py7JxoQ,spotify:track:1VLtjHwRWOVJiE5Py7JxoQ,https://api.spotify.com/v1/tracks/1VLtjHwRWOVJiE5Py7JxoQ,https://api.spotify.com/v1/audio-analysis/1VLtjHwRWOVJiE5Py7JxoQ,132833.0,4.0,
81,0.378,0.461,9.0,-6.202,1.0,0.0275,0.627,0.0,0.386,0.232,75.363,audio_features,4PV0uE5pZSh44E3NqNNDEH,spotify:track:4PV0uE5pZSh44E3NqNNDEH,https://api.spotify.com/v1/tracks/4PV0uE5pZSh44E3NqNNDEH,https://api.spotify.com/v1/audio-analysis/4PV0uE5pZSh44E3NqNNDEH,223270.0,4.0,
82,0.595,0.534,1.0,-8.747,1.0,0.318,0.0106,0.00157,0.107,0.134,162.066,audio_features,6PHbWsTTlmQKF9i9VC1KFv,spotify:track:6PHbWsTTlmQKF9i9VC1KFv,https://api.spotify.com/v1/tracks/6PHbWsTTlmQKF9i9VC1KFv,https://api.spotify.com/v1/audio-analysis/6PHbWsTTlmQKF9i9VC1KFv,225348.0,4.0,
83,0.872,0.391,0.0,-9.144,0.0,0.242,0.469,4.13e-06,0.297,0.437,134.021,audio_features,7m9OqQk4RVRkw9JJdeAw96,spotify:track:7m9OqQk4RVRkw9JJdeAw96,https://api.spotify.com/v1/tracks/7m9OqQk4RVRkw9JJdeAw96,https://api.spotify.com/v1/audio-analysis/7m9OqQk4RVRkw9JJdeAw96,119133.0,4.0,
84,0.654,0.63,10.0,-4.644,1.0,0.0259,0.153,0.0,0.111,0.43,89.991,audio_features,2wrJq5XKLnmhRXHIAf9xBa,spotify:track:2wrJq5XKLnmhRXHIAf9xBa,https://api.spotify.com/v1/tracks/2wrJq5XKLnmhRXHIAf9xBa,https://api.spotify.com/v1/audio-analysis/2wrJq5XKLnmhRXHIAf9xBa,167693.0,4.0,
85,0.614,0.68,6.0,-4.58,1.0,0.0289,0.369,1.84e-06,0.115,0.707,149.959,audio_features,6foY66mWZN0pSRjZ408c00,spotify:track:6foY66mWZN0pSRjZ408c00,https://api.spotify.com/v1/tracks/6foY66mWZN0pSRjZ408c00,https://api.spotify.com/v1/audio-analysis/6foY66mWZN0pSRjZ408c00,234347.0,4.0,
86,0.745,0.642,7.0,-6.257,0.0,0.287,0.0204,0.0,0.0658,0.226,179.974,audio_features,1lOe9qE0vR9zwWQAOk6CoO,spotify:track:1lOe9qE0vR9zwWQAOk6CoO,https://api.spotify.com/v1/tracks/1lOe9qE0vR9zwWQAOk6CoO,https://api.spotify.com/v1/audio-analysis/1lOe9qE0vR9zwWQAOk6CoO,131240.0,4.0,
87,0.566,0.521,9.0,-5.453,1.0,0.0455,0.00612,0.0,0.0809,0.073,131.853,audio_features,1miln1rdxYSBD0NOeIQeJG,spotify:track:1miln1rdxYSBD0NOeIQeJG,https://api.spotify.com/v1/tracks/1miln1rdxYSBD0NOeIQeJG,https://api.spotify.com/v1/audio-analysis/1miln1rdxYSBD0NOeIQeJG,136333.0,5.0,
88,0.686,0.541,0.0,-4.993,0.0,0.0493,0.042,0.0,0.0675,0.724,120.082,audio_features,6ap9lSRJ0iLriGLqoJ44cq,spotify:track:6ap9lSRJ0iLriGLqoJ44cq,https://api.spotify.com/v1/tracks/6ap9lSRJ0iLriGLqoJ44cq,https://api.spotify.com/v1/audio-analysis/6ap9lSRJ0iLriGLqoJ44cq,112493.0,4.0,
89,0.351,0.296,4.0,-10.109,0.0,0.0333,0.934,0.0,0.095,0.12,115.284,audio_features,0u2P5u6lvoDfwTYjAADbn4,spotify:track:0u2P5u6lvoDfwTYjAADbn4,https://api.spotify.com/v1/tracks/0u2P5u6lvoDfwTYjAADbn4,https://api.spotify.com/v1/audio-analysis/0u2P5u6lvoDfwTYjAADbn4,200186.0,4.0,
90,0.701,0.425,7.0,-10.965,1.0,0.375,0.328,0.13,0.1,0.562,135.128,audio_features,2Fxmhks0bxGSBdJ92vM42m,spotify:track:2Fxmhks0bxGSBdJ92vM42m,https://api.spotify.com/v1/tracks/2Fxmhks0bxGSBdJ92vM42m,https://api.spotify.com/v1/audio-analysis/2Fxmhks0bxGSBdJ92vM42m,194088.0,4.0,
91,0.831,0.502,10.0,-4.045,0.0,0.046,0.101,0.0,0.122,0.101,100.541,audio_features,5ry2OE6R2zPQFDO85XkgRb,spotify:track:5ry2OE6R2zPQFDO85XkgRb,https://api.spotify.com/v1/tracks/5ry2OE6R2zPQFDO85XkgRb,https://api.spotify.com/v1/audio-analysis/5ry2OE6R2zPQFDO85XkgRb,205427.0,4.0,
92,0.766,0.579,9.0,-8.426,0.0,0.287,0.107,0.000642,0.143,0.217,142.932,audio_features,6WI33r2QRxyxttn3KH0XkC,spotify:track:6WI33r2QRxyxttn3KH0XkC,https://api.spotify.com/v1/tracks/6WI33r2QRxyxttn3KH0XkC,https://api.spotify.com/v1/audio-analysis/6WI33r2QRxyxttn3KH0XkC,164476.0,4.0,
93,0.836,0.624,4.0,-6.75,0.0,0.184,0.187,0.0,0.138,0.7,103.0,audio_features,1gVCEnryJhkdQcuC0Kbvor,spotify:track:1gVCEnryJhkdQcuC0Kbvor,https://api.spotify.com/v1/tracks/1gVCEnryJhkdQcuC0Kbvor,https://api.spotify.com/v1/audio-analysis/1gVCEnryJhkdQcuC0Kbvor,139890.0,4.0,
94,0.864,0.689,10.0,-7.273,0.0,0.22,7.68e-05,0.000467,0.111,0.412,152.946,audio_features,3cFHCXuBZKMJd8Q4Wt8RB3,spotify:track:3cFHCXuBZKMJd8Q4Wt8RB3,https://api.spotify.com/v1/tracks/3cFHCXuBZKMJd8Q4Wt8RB3,https://api.spotify.com/v1/audio-analysis/3cFHCXuBZKMJd8Q4Wt8RB3,148246.0,4.0,
95,0.631,0.591,7.0,-5.785,1.0,0.0277,0.657,0.0,0.11,0.489,97.074,audio_features,5MwynWK9s4hlyKHqhkNn4A,spotify:track:5MwynWK9s4hlyKHqhkNn4A,https://api.spotify.com/v1/tracks/5MwynWK9s4hlyKHqhkNn4A,https://api.spotify.com/v1/audio-analysis/5MwynWK9s4hlyKHqhkNn4A,205453.0,4.0,
96,0.561,0.536,6.0,-6.227,1.0,0.0346,0.0951,0.0,0.114,0.378,150.01,audio_features,2Hc4t9N2nt37oO4sF9BynI,spotify:track:2Hc4t9N2nt37oO4sF9BynI,https://api.spotify.com/v1/tracks/2Hc4t9N2nt37oO4sF9BynI,https://api.spotify.com/v1/audio-analysis/2Hc4t9N2nt37oO4sF9BynI,209229.0,4.0,
97,0.74,0.613,8.0,-4.88,1.0,0.145,0.258,0.00372,0.123,0.473,75.023,audio_features,3ee8Jmje8o58CHK66QrVC2,spotify:track:3ee8Jmje8o58CHK66QrVC2,https://api.spotify.com/v1/tracks/3ee8Jmje8o58CHK66QrVC2,https://api.spotify.com/v1/audio-analysis/3ee8Jmje8o58CHK66QrVC2,166606.0,4.0,
98,0.607,0.829,2.0,-4.074,1.0,0.379,0.0103,0.0,0.107,0.685,96.172,audio_features,2DEZmgHKAvm41k4J3R2E9Y,spotify:track:2DEZmgHKAvm41k4J3R2E9Y,https://api.spotify.com/v1/tracks/2DEZmgHKAvm41k4J3R2E9Y,https://api.spotify.com/v1/audio-analysis/2DEZmgHKAvm41k4J3R2E9Y,295177.0,4.0,
99,0.552,0.402,11.0,-7.431,1.0,0.0262,0.676,0.0,0.0928,0.382,103.313,audio_features,2rxQMGVafnNaRaXlRMWPde,spotify:track:2rxQMGVafnNaRaXlRMWPde,https://api.spotify.com/v1/tracks/2rxQMGVafnNaRaXlRMWPde,https://api.spotify.com/v1/audio-analysis/2rxQMGVafnNaRaXlRMWPde,193200.0,4.0,
100,0.883,0.599,11.0,-5.551,1.0,0.248,0.0177,0.0,0.179,0.413,142.976,audio_features,02RCbjb9czvQKNGBmEmWob,spotify:track:02RCbjb9czvQKNGBmEmWob,https://api.spotify.com/v1/tracks/02RCbjb9czvQKNGBmEmWob,https://api.spotify.com/v1/audio-analysis/02RCbjb9czvQKNGBmEmWob,183011.0,4.0,
101,0.708,0.186,9.0,-8.953,0.0,0.042,0.868,0.0,0.0779,0.322,72.541,audio_features,6J2LdBN97cDWn0MLxYh9HB,spotify:track:6J2LdBN97cDWn0MLxYh9HB,https://api.spotify.com/v1/tracks/6J2LdBN97cDWn0MLxYh9HB,https://api.spotify.com/v1/audio-analysis/6J2LdBN97cDWn0MLxYh9HB,156106.0,4.0,
102,0.515,0.479,3.0,-7.458,1.0,0.0261,0.544,0.00598,0.191,0.284,88.964,audio_features,0rKtyWc8bvkriBthvHKY8d,spotify:track:0rKtyWc8bvkriBthvHKY8d,https://api.spotify.com/v1/tracks/0rKtyWc8bvkriBthvHKY8d,https://api.spotify.com/v1/audio-analysis/0rKtyWc8bvkriBthvHKY8d,209274.0,4.0,
103,0.776,0.64,7.0,-8.058,1.0,0.184,0.149,0.0,0.101,0.326,160.038,audio_features,2iP3unJbxZvRuqyrS0ocZy,spotify:track:2iP3unJbxZvRuqyrS0ocZy,https://api.spotify.com/v1/tracks/2iP3unJbxZvRuqyrS0ocZy,https://api.spotify.com/v1/audio-analysis/2iP3unJbxZvRuqyrS0ocZy,204000.0,4.0,
104,0.884,0.436,10.0,-9.922,1.0,0.255,0.011,0.0,0.101,0.254,119.013,audio_features,66z5CuZkqkb18VhFTRwbZk,spotify:track:66z5CuZkqkb18VhFTRwbZk,https://api.spotify.com/v1/tracks/66z5CuZkqkb18VhFTRwbZk,https://api.spotify.com/v1/audio-analysis/66z5CuZkqkb18VhFTRwbZk,193657.0,4.0,
105,0.764,0.32,11.0,-7.209,1.0,0.0546,0.837,0.0,0.0822,0.575,91.019,audio_features,2b8fOow8UzyDFAE27YhOZM,spotify:track:2b8fOow8UzyDFAE27YhOZM,https://api.spotify.com/v1/tracks/2b8fOow8UzyDFAE27YhOZM,https://api.spotify.com/v1/audio-analysis/2b8fOow8UzyDFAE27YhOZM,189486.0,4.0,
106,0.873,0.591,2.0,-7.332,1.0,0.293,0.00102,0.0,0.13,0.188,150.057,audio_features,5v1STk4ZTTDrhgCs6LD3nd,spotify:track:5v1STk4ZTTDrhgCs6LD3nd,https://api.spotify.com/v1/tracks/5v1STk4ZTTDrhgCs6LD3nd,https://api.spotify.com/v1/audio-analysis/5v1STk4ZTTDrhgCs6LD3nd,182400.0,4.0,
107,0.802,0.591,8.0,-4.895,1.0,0.225,0.0104,0.0,0.196,0.309,139.864,audio_features,6gi6y1xwmVszDWkUqab1qw,spotify:track:6gi6y1xwmVszDWkUqab1qw,https://api.spotify.com/v1/tracks/6gi6y1xwmVszDWkUqab1qw,https://api.spotify.com/v1/audio-analysis/6gi6y1xwmVszDWkUqab1qw,157712.0,4.0,
108,0.879,0.499,4.0,-6.027,0.0,0.18,0.24,0.0,0.0967,0.405,106.043,audio_features,4EivmOT13NMpNSfTKn9p4s,spotify:track:4EivmOT13NMpNSfTKn9p4s,https://api.spotify.com/v1/tracks/4EivmOT13NMpNSfTKn9p4s,https://api.spotify.com/v1/audio-analysis/4EivmOT13NMpNSfTKn9p4s,163173.0,4.0,
109,0.876,0.662,2.0,-6.482,0.0,0.426,0.0608,0.0,0.127,0.844,75.445,audio_features,2gwkD6igEhQbDQegRCcdoB,spotify:track:2gwkD6igEhQbDQegRCcdoB,https://api.spotify.com/v1/tracks/2gwkD6igEhQbDQegRCcdoB,https://api.spotify.com/v1/audio-analysis/2gwkD6igEhQbDQegRCcdoB,163320.0,4.0,
110,0.537,0.746,10.0,-5.507,0.0,0.15,0.0236,1.01e-06,0.156,0.252,170.062,audio_features,6bnF93Rx87YqUBLSgjiMU8,spotify:track:6bnF93Rx87YqUBLSgjiMU8,https://api.spotify.com/v1/tracks/6bnF93Rx87YqUBLSgjiMU8,https://api.spotify.com/v1/audio-analysis/6bnF93Rx87YqUBLSgjiMU8,198267.0,4.0,
111,0.837,0.364,8.0,-11.713,1.0,0.276,0.149,0.0,0.271,0.463,123.984,audio_features,2JvzF1RMd7lE3KmFlsyZD8,spotify:track:2JvzF1RMd7lE3KmFlsyZD8,https://api.spotify.com/v1/tracks/2JvzF1RMd7lE3KmFlsyZD8,https://api.spotify.com/v1/audio-analysis/2JvzF1RMd7lE3KmFlsyZD8,213594.0,4.0,
112,0.829,0.539,11.0,-7.359,0.0,0.208,0.136,1.78e-06,0.103,0.388,99.96,audio_features,7xQAfvXzm3AkraOtGPWIZg,spotify:track:7xQAfvXzm3AkraOtGPWIZg,https://api.spotify.com/v1/tracks/7xQAfvXzm3AkraOtGPWIZg,https://api.spotify.com/v1/audio-analysis/7xQAfvXzm3AkraOtGPWIZg,149547.0,4.0,
113,0.732,0.75,11.0,-6.366,0.0,0.231,0.00264,0.0,0.109,0.401,155.096,audio_features,7GX5flRQZVHRAGd6B4TmDO,spotify:track:7GX5flRQZVHRAGd6B4TmDO,https://api.spotify.com/v1/tracks/7GX5flRQZVHRAGd6B4TmDO,https://api.spotify.com/v1/audio-analysis/7GX5flRQZVHRAGd6B4TmDO,182707.0,4.0,
114,0.754,0.583,4.0,-7.34,0.0,0.0432,0.32,0.00015,0.144,0.77,122.012,audio_features,6xZ4Q2k2ompmDppyeESIY8,spotify:track:6xZ4Q2k2ompmDppyeESIY8,https://api.spotify.com/v1/tracks/6xZ4Q2k2ompmDppyeESIY8,https://api.spotify.com/v1/audio-analysis/6xZ4Q2k2ompmDppyeESIY8,220051.0,4.0,
115,0.367,0.111,4.0,-14.084,1.0,0.0972,0.978,3.97e-05,0.0897,0.198,82.642,audio_features,43zdsphuZLzwA9k4DJhU0I,spotify:track:43zdsphuZLzwA9k4DJhU0I,https://api.spotify.com/v1/tracks/43zdsphuZLzwA9k4DJhU0I,https://api.spotify.com/v1/audio-analysis/43zdsphuZLzwA9k4DJhU0I,196077.0,4.0,
116,0.58,0.653,5.0,-3.818,1.0,0.0745,0.447,0.0,0.111,0.175,150.231,audio_features,6vBdBCoOhKHiYDDOcorfNo,spotify:track:6vBdBCoOhKHiYDDOcorfNo,https://api.spotify.com/v1/tracks/6vBdBCoOhKHiYDDOcorfNo,https://api.spotify.com/v1/audio-analysis/6vBdBCoOhKHiYDDOcorfNo,174960.0,4.0,
117,0.585,0.52,5.0,-6.136,0.0,0.0712,0.124,7.01e-05,0.131,0.129,159.801,audio_features,0e7ipj03S05BNilyu5bRzt,spotify:track:0e7ipj03S05BNilyu5bRzt,https://api.spotify.com/v1/tracks/0e7ipj03S05BNilyu5bRzt,https://api.spotify.com/v1/audio-analysis/0e7ipj03S05BNilyu5bRzt,218147.0,4.0,
118,0.733,0.389,10.0,-8.468,0.0,0.0738,0.0513,0.0,0.141,0.244,157.878,audio_features,6fWa5CRgy0z30OeGZyMBvD,spotify:track:6fWa5CRgy0z30OeGZyMBvD,https://api.spotify.com/v1/tracks/6fWa5CRgy0z30OeGZyMBvD,https://api.spotify.com/v1/audio-analysis/6fWa5CRgy0z30OeGZyMBvD,159670.0,3.0,
119,0.591,0.585,2.0,-6.35,1.0,0.0277,0.143,0.0,0.109,0.324,110.94,audio_features,7lidXGPXPYLNThITAOTlkK,spotify:track:7lidXGPXPYLNThITAOTlkK,https://api.spotify.com/v1/tracks/7lidXGPXPYLNThITAOTlkK,https://api.spotify.com/v1/audio-analysis/7lidXGPXPYLNThITAOTlkK,205473.0,4.0,
120,0.898,0.577,2.0,-7.785,1.0,0.238,0.0361,0.0,0.176,0.266,83.018,audio_features,29s4u1adFGLWtGehbR5xkq,spotify:track:29s4u1adFGLWtGehbR5xkq,https://api.spotify.com/v1/tracks/29s4u1adFGLWtGehbR5xkq,https://api.spotify.com/v1/audio-analysis/29s4u1adFGLWtGehbR5xkq,144361.0,4.0,
121,0.95,0.5,1.0,-8.18,1.0,0.399,0.103,3.77e-05,0.103,0.598,114.009,audio_features,12ZpiGAd2uPgJiofgoZMue,spotify:track:12ZpiGAd2uPgJiofgoZMue,https://api.spotify.com/v1/tracks/12ZpiGAd2uPgJiofgoZMue,https://api.spotify.com/v1/audio-analysis/12ZpiGAd2uPgJiofgoZMue,142979.0,4.0,
122,0.712,0.599,5.0,-6.342,0.0,0.112,0.412,2.15e-05,0.103,0.588,179.788,audio_features,0FktnzDqjClqU6iqOZVEs2,spotify:track:0FktnzDqjClqU6iqOZVEs2,https://api.spotify.com/v1/tracks/0FktnzDqjClqU6iqOZVEs2,https://api.spotify.com/v1/audio-analysis/0FktnzDqjClqU6iqOZVEs2,178000.0,4.0,
123,0.735,0.369,9.0,-9.682,0.0,0.0688,0.334,0.0,0.126,0.235,140.004,audio_features,1iSqfoUFnQwV0QW1EfUit8,spotify:track:1iSqfoUFnQwV0QW1EfUit8,https://api.spotify.com/v1/tracks/1iSqfoUFnQwV0QW1EfUit8,https://api.spotify.com/v1/audio-analysis/1iSqfoUFnQwV0QW1EfUit8,222997.0,4.0,
124,0.715,0.624,4.0,-3.046,0.0,0.114,0.11,0.0,0.123,0.412,158.087,audio_features,3HWzoMvoF3TQfYg4UPszDq,spotify:track:3HWzoMvoF3TQfYg4UPszDq,https://api.spotify.com/v1/tracks/3HWzoMvoF3TQfYg4UPszDq,https://api.spotify.com/v1/audio-analysis/3HWzoMvoF3TQfYg4UPszDq,173325.0,4.0,
125,0.556,0.538,8.0,-5.408,0.0,0.0382,0.0689,0.0,0.196,0.291,143.95,audio_features,75ZvA4QfFiZvzhj2xkaWAh,spotify:track:75ZvA4QfFiZvzhj2xkaWAh,https://api.spotify.com/v1/tracks/75ZvA4QfFiZvzhj2xkaWAh,https://api.spotify.com/v1/audio-analysis/75ZvA4QfFiZvzhj2xkaWAh,223347.0,4.0,
126,0.732,0.462,5.0,-10.191,0.0,0.406,0.126,0.0,0.12,0.117,180.067,audio_features,2iW6Hb6kfrz2K7EhPibFiq,spotify:track:2iW6Hb6kfrz2K7EhPibFiq,https://api.spotify.com/v1/tracks/2iW6Hb6kfrz2K7EhPibFiq,https://api.spotify.com/v1/audio-analysis/2iW6Hb6kfrz2K7EhPibFiq,170057.0,4.0,
127,0.769,0.479,1.0,-5.339,1.0,0.0385,0.66,0.0,0.0914,0.803,96.051,audio_features,2Yer0p7uB2lVBUAtANuuQp,spotify:track:2Yer0p7uB2lVBUAtANuuQp,https://api.spotify.com/v1/tracks/2Yer0p7uB2lVBUAtANuuQp,https://api.spotify.com/v1/audio-analysis/2Yer0p7uB2lVBUAtANuuQp,164640.0,4.0,
128,0.453,0.538,1.0,-8.212,1.0,0.0638,0.449,0.0,0.19,0.516,122.973,audio_features,6U0FIYXCQ3TGrk4tFpLrEA,spotify:track:6U0FIYXCQ3TGrk4tFpLrEA,https://api.spotify.com/v1/tracks/6U0FIYXCQ3TGrk4tFpLrEA,https://api.spotify.com/v1/audio-analysis/6U0FIYXCQ3TGrk4tFpLrEA,204533.0,4.0,
129,0.652,0.631,6.0,-5.718,0.0,0.0893,0.524,0.000579,0.165,0.35,127.998,audio_features,7AzlLxHn24DxjgQX73F9fU,spotify:track:7AzlLxHn24DxjgQX73F9fU,https://api.spotify.com/v1/tracks/7AzlLxHn24DxjgQX73F9fU,https://api.spotify.com/v1/audio-analysis/7AzlLxHn24DxjgQX73F9fU,154424.0,4.0,
130,0.935,0.472,3.0,-9.304,0.0,0.0575,0.0455,0.0,0.19,0.659,130.041,audio_features,0biVzpdI2z0vAxwfU9xuuA,spotify:track:0biVzpdI2z0vAxwfU9xuuA,https://api.spotify.com/v1/tracks/0biVzpdI2z0vAxwfU9xuuA,https://api.spotify.com/v1/audio-analysis/0biVzpdI2z0vAxwfU9xuuA,236819.0,4.0,
131,0.79,0.566,5.0,-8.33,1.0,0.437,0.106,0.0,0.119,0.586,142.016,audio_features,4Qd0pa3JO76UEwhos9JmN0,spotify:track:4Qd0pa3JO76UEwhos9JmN0,https://api.spotify.com/v1/tracks/4Qd0pa3JO76UEwhos9JmN0,https://api.spotify.com/v1/audio-analysis/4Qd0pa3JO76UEwhos9JmN0,314761.0,4.0,
132,0.827,0.552,4.0,-7.571,0.0,0.274,0.0169,0.0,0.122,0.408,124.011,audio_features,5f4Hy5mw5SRaUgXX9c6P5S,spotify:track:5f4Hy5mw5SRaUgXX9c6P5S,https://api.spotify.com/v1/tracks/5f4Hy5mw5SRaUgXX9c6P5S,https://api.spotify.com/v1/audio-analysis/5f4Hy5mw5SRaUgXX9c6P5S,205760.0,4.0,
133,0.64,0.74,4.0,-4.083,1.0,0.0284,0.0115,0.00678,0.167,0.785,116.879,audio_features,6K4t31amVTZDgR3sKmwUJJ,spotify:track:6K4t31amVTZDgR3sKmwUJJ,https://api.spotify.com/v1/tracks/6K4t31amVTZDgR3sKmwUJJ,https://api.spotify.com/v1/audio-analysis/6K4t31amVTZDgR3sKmwUJJ,216320.0,4.0,
134,0.931,0.574,4.0,-5.695,0.0,0.381,0.283,0.0,0.274,0.449,129.967,audio_features,7enaBBJnekyUCcXRuwGEH6,spotify:track:7enaBBJnekyUCcXRuwGEH6,https://api.spotify.com/v1/tracks/7enaBBJnekyUCcXRuwGEH6,https://api.spotify.com/v1/audio-analysis/7enaBBJnekyUCcXRuwGEH6,189342.0,4.0,
135,0.855,0.676,1.0,-5.736,1.0,0.325,0.0888,0.0,0.144,0.509,133.081,audio_features,6CUP2khYzdphXebxVTfPE3,spotify:track:6CUP2khYzdphXebxVTfPE3,https://api.spotify.com/v1/tracks/6CUP2khYzdphXebxVTfPE3,https://api.spotify.com/v1/audio-analysis/6CUP2khYzdphXebxVTfPE3,195299.0,4.0,
136,0.772,0.639,1.0,-7.119,1.0,0.467,0.15,0.0,0.0698,0.261,168.112,audio_features,6uFn47ACjqYkc0jADwEdj1,spotify:track:6uFn47ACjqYkc0jADwEdj1,https://api.spotify.com/v1/tracks/6uFn47ACjqYkc0jADwEdj1,https://api.spotify.com/v1/audio-analysis/6uFn47ACjqYkc0jADwEdj1,166560.0,4.0,
137,0.788,0.436,1.0,-9.435,1.0,0.364,0.0611,0.0,0.0979,0.341,129.847,audio_features,7KSSdFCBHCfq4KPzz78ghk,spotify:track:7KSSdFCBHCfq4KPzz78ghk,https://api.spotify.com/v1/tracks/7KSSdFCBHCfq4KPzz78ghk,https://api.spotify.com/v1/audio-analysis/7KSSdFCBHCfq4KPzz78ghk,177314.0,4.0,
138,0.759,0.73,0.0,-7.985,0.0,0.0516,0.145,3.06e-06,0.11,0.74,115.007,audio_features,7eBqSVxrzQZtK2mmgRG6lC,spotify:track:7eBqSVxrzQZtK2mmgRG6lC,https://api.spotify.com/v1/tracks/7eBqSVxrzQZtK2mmgRG6lC,https://api.spotify.com/v1/audio-analysis/7eBqSVxrzQZtK2mmgRG6lC,268434.0,4.0,
139,0.567,0.267,4.0,-6.502,1.0,0.0299,0.839,1.46e-06,0.089,0.0592,110.011,audio_features,1ZMiCix7XSAbfAJlEZWMCp,spotify:track:1ZMiCix7XSAbfAJlEZWMCp,https://api.spotify.com/v1/tracks/1ZMiCix7XSAbfAJlEZWMCp,https://api.spotify.com/v1/audio-analysis/1ZMiCix7XSAbfAJlEZWMCp,240133.0,4.0,
140,0.736,0.67,10.0,-6.702,1.0,0.311,0.186,0.0,0.114,0.845,130.032,audio_features,5wujBwqG7INdStqGd4tRMX,spotify:track:5wujBwqG7INdStqGd4tRMX,https://api.spotify.com/v1/tracks/5wujBwqG7INdStqGd4tRMX,https://api.spotify.com/v1/audio-analysis/5wujBwqG7INdStqGd4tRMX,169999.0,4.0,
141,0.807,0.665,5.0,-5.249,0.0,0.276,0.0919,0.0,0.0788,0.557,164.964,audio_features,40j4RoqmLiivqzRObbQ4BF,spotify:track:40j4RoqmLiivqzRObbQ4BF,https://api.spotify.com/v1/tracks/40j4RoqmLiivqzRObbQ4BF,https://api.spotify.com/v1/audio-analysis/40j4RoqmLiivqzRObbQ4BF,176575.0,4.0,
142,0.585,0.641,6.0,-4.269,0.0,0.133,0.0286,0.0,0.316,0.266,88.284,audio_features,7ge7BHazYbVKi8qyZUX1Bm,spotify:track:7ge7BHazYbVKi8qyZUX1Bm,https://api.spotify.com/v1/tracks/7ge7BHazYbVKi8qyZUX1Bm,https://api.spotify.com/v1/audio-analysis/7ge7BHazYbVKi8qyZUX1Bm,197530.0,4.0,
143,0.779,0.797,0.0,-4.583,0.0,0.356,0.129,0.0,0.118,0.231,159.958,audio_features,58GJNfq2m0Qr5nIUCDbXVQ,spotify:track:58GJNfq2m0Qr5nIUCDbXVQ,https://api.spotify.com/v1/tracks/58GJNfq2m0Qr5nIUCDbXVQ,https://api.spotify.com/v1/audio-analysis/58GJNfq2m0Qr5nIUCDbXVQ,180058.0,4.0,
144,0.897,0.662,1.0,-6.903,0.0,0.292,0.0852,0.0,0.534,0.389,112.511,audio_features,78QR3Wp35dqAhFEc2qAGjE,spotify:track:78QR3Wp35dqAhFEc2qAGjE,https://api.spotify.com/v1/tracks/78QR3Wp35dqAhFEc2qAGjE,https://api.spotify.com/v1/audio-analysis/78QR3Wp35dqAhFEc2qAGjE,145543.0,4.0,
145,0.79,0.694,9.0,-7.726,0.0,0.0708,0.145,0.00252,0.281,0.508,103.007,audio_features,0TrPqhAMoaKUFLR7iYDokf,spotify:track:0TrPqhAMoaKUFLR7iYDokf,https://api.spotify.com/v1/tracks/0TrPqhAMoaKUFLR7iYDokf,https://api.spotify.com/v1/audio-analysis/0TrPqhAMoaKUFLR7iYDokf,181436.0,4.0,
146,0.554,0.498,9.0,-8.866,1.0,0.0685,0.23,5.98e-06,0.795,0.413,79.635,audio_features,5hVghJ4KaYES3BFUATCYn0,spotify:track:5hVghJ4KaYES3BFUATCYn0,https://api.spotify.com/v1/tracks/5hVghJ4KaYES3BFUATCYn0,https://api.spotify.com/v1/audio-analysis/5hVghJ4KaYES3BFUATCYn0,190067.0,4.0,
147,0.797,0.533,0.0,-9.74,0.0,0.0412,0.0172,0.000152,0.103,0.329,131.036,audio_features,7AQim7LbvFVZJE3O8TYgf2,spotify:track:7AQim7LbvFVZJE3O8TYgf2,https://api.spotify.com/v1/tracks/7AQim7LbvFVZJE3O8TYgf2,https://api.spotify.com/v1/audio-analysis/7AQim7LbvFVZJE3O8TYgf2,146520.0,4.0,
148,0.567,0.515,6.0,-10.265,0.0,0.247,0.354,0.0,0.078,0.321,120.1,audio_features,0RLLvYBopDwooCyvnTwgYu,spotify:track:0RLLvYBopDwooCyvnTwgYu,https://api.spotify.com/v1/tracks/0RLLvYBopDwooCyvnTwgYu,https://api.spotify.com/v1/audio-analysis/0RLLvYBopDwooCyvnTwgYu,224000.0,1.0,
149,0.768,0.652,1.0,-2.708,0.0,0.307,0.113,0.0,0.107,0.777,154.187,audio_features,0fySG6A6qLE8IvDpayb5bM,spotify:track:0fySG6A6qLE8IvDpayb5bM,https://api.spotify.com/v1/tracks/0fySG6A6qLE8IvDpayb5bM,https://api.spotify.com/v1/audio-analysis/0fySG6A6qLE8IvDpayb5bM,144935.0,4.0,
150,0.819,0.654,11.0,-6.665,0.0,0.136,0.517,0.0,0.0996,0.455,133.503,audio_features,733c1CWmIGymoQXdp7Us88,spotify:track:733c1CWmIGymoQXdp7Us88,https://api.spotify.com/v1/tracks/733c1CWmIGymoQXdp7Us88,https://api.spotify.com/v1/audio-analysis/733c1CWmIGymoQXdp7Us88,188563.0,4.0,
151,0.903,0.327,1.0,-9.727,1.0,0.0877,0.26,0.011,0.108,0.274,100.008,audio_features,2alc8VZAzDgdAsL2QMk3hu,spotify:track:2alc8VZAzDgdAsL2QMk3hu,https://api.spotify.com/v1/tracks/2alc8VZAzDgdAsL2QMk3hu,https://api.spotify.com/v1/audio-analysis/2alc8VZAzDgdAsL2QMk3hu,106000.0,4.0,
152,0.616,0.849,0.0,-4.897,1.0,0.0373,0.311,0.0,0.311,0.638,113.065,audio_features,0nGXi46VcQQ56ZJR428MKS,spotify:track:0nGXi46VcQQ56ZJR428MKS,https://api.spotify.com/v1/tracks/0nGXi46VcQQ56ZJR428MKS,https://api.spotify.com/v1/audio-analysis/0nGXi46VcQQ56ZJR428MKS,223320.0,4.0,
153,0.622,0.679,10.0,-6.183,0.0,0.29,0.0802,0.0,0.112,0.418,160.059,audio_features,3TciLI5wo7RddPtAFhiU9V,spotify:track:3TciLI5wo7RddPtAFhiU9V,https://api.spotify.com/v1/tracks/3TciLI5wo7RddPtAFhiU9V,https://api.spotify.com/v1/audio-analysis/3TciLI5wo7RddPtAFhiU9V,174968.0,4.0,
154,,,,,,,,,,,,,,,,,,,"{'status': 429, 'message': 'API rate limit exceeded'}"
155,,,,,,,,,,,,,,,,,,,"{'status': 429, 'message': 'API rate limit exceeded'}"
156,,,,,,,,,,,,,,,,,,,"{'status': 429, 'message': 'API rate limit exceeded'}"
157,,,,,,,,,,,,,,,,,,,"{'status': 429, 'message': 'API rate limit exceeded'}"
158,0.581,0.662,9.0,-5.239,1.0,0.303,0.0153,0.0,0.111,0.434,93.023,audio_features,1wJRveJZLSb1rjhnUHQiv6,spotify:track:1wJRveJZLSb1rjhnUHQiv6,https://api.spotify.com/v1/tracks/1wJRveJZLSb1rjhnUHQiv6,https://api.spotify.com/v1/audio-analysis/1wJRveJZLSb1rjhnUHQiv6,189487.0,4.0,
159,0.56,0.936,3.0,-5.835,1.0,0.0439,0.00847,0.0,0.161,0.371,112.96,audio_features,0GO8y8jQk1PkHzS31d699N,spotify:track:0GO8y8jQk1PkHzS31d699N,https://api.spotify.com/v1/tracks/0GO8y8jQk1PkHzS31d699N,https://api.spotify.com/v1/audio-analysis/0GO8y8jQk1PkHzS31d699N,218013.0,4.0,
160,0.772,0.83,7.0,-5.019,1.0,0.0599,0.016,0.0,0.0843,0.697,94.011,audio_features,5XqCz18k96K8tx6DAYM97i,spotify:track:5XqCz18k96K8tx6DAYM97i,https://api.spotify.com/v1/tracks/5XqCz18k96K8tx6DAYM97i,https://api.spotify.com/v1/audio-analysis/5XqCz18k96K8tx6DAYM97i,194200.0,4.0,
161,0.915,0.612,1.0,-4.535,1.0,0.407,0.0944,0.0,0.115,0.758,129.93,audio_features,5gNOINI5dXZVom2b36LMOd,spotify:track:5gNOINI5dXZVom2b36LMOd,https://api.spotify.com/v1/tracks/5gNOINI5dXZVom2b36LMOd,https://api.spotify.com/v1/audio-analysis/5gNOINI5dXZVom2b36LMOd,118547.0,4.0,
162,0.816,0.582,8.0,-4.141,1.0,0.341,0.0794,5.84e-06,0.0916,0.542,160.004,audio_features,2FvD20Z8aoWIePi7PoN8sG,spotify:track:2FvD20Z8aoWIePi7PoN8sG,https://api.spotify.com/v1/tracks/2FvD20Z8aoWIePi7PoN8sG,https://api.spotify.com/v1/audio-analysis/2FvD20Z8aoWIePi7PoN8sG,136366.0,4.0,
163,0.665,0.651,1.0,-5.515,1.0,0.156,0.0414,0.0,0.0896,0.237,163.935,audio_features,3oDkdAySo1VQQG0ptV7uwa,spotify:track:3oDkdAySo1VQQG0ptV7uwa,https://api.spotify.com/v1/tracks/3oDkdAySo1VQQG0ptV7uwa,https://api.spotify.com/v1/audio-analysis/3oDkdAySo1VQQG0ptV7uwa,175755.0,4.0,
164,0.759,0.548,9.0,-6.049,0.0,0.029,0.0392,0.0,0.0828,0.749,116.967,audio_features,6v3KW9xbzN5yKLt9YKDYA2,spotify:track:6v3KW9xbzN5yKLt9YKDYA2,https://api.spotify.com/v1/tracks/6v3KW9xbzN5yKLt9YKDYA2,https://api.spotify.com/v1/audio-analysis/6v3KW9xbzN5yKLt9YKDYA2,190800.0,4.0,
165,0.896,0.72,0.0,-6.262,0.0,0.355,0.169,0.0,0.252,0.966,140.1,audio_features,0oT9ElXYSxvnOOagP9efDq,spotify:track:0oT9ElXYSxvnOOagP9efDq,https://api.spotify.com/v1/tracks/0oT9ElXYSxvnOOagP9efDq,https://api.spotify.com/v1/audio-analysis/0oT9ElXYSxvnOOagP9efDq,212093.0,4.0,
166,0.792,0.512,2.0,-6.875,1.0,0.0408,0.13,8.82e-05,0.14,0.11,113.978,audio_features,41LhQUkElADQ5YUbpYv2D0,spotify:track:41LhQUkElADQ5YUbpYv2D0,https://api.spotify.com/v1/tracks/41LhQUkElADQ5YUbpYv2D0,https://api.spotify.com/v1/audio-analysis/41LhQUkElADQ5YUbpYv2D0,168490.0,4.0,
167,0.68,0.578,10.0,-5.804,1.0,0.04,0.331,0.0,0.135,0.341,145.038,audio_features,7dt6x5M1jzdTEt8oCbisTK,spotify:track:7dt6x5M1jzdTEt8oCbisTK,https://api.spotify.com/v1/tracks/7dt6x5M1jzdTEt8oCbisTK,https://api.spotify.com/v1/audio-analysis/7dt6x5M1jzdTEt8oCbisTK,231267.0,4.0,
168,0.602,0.377,11.0,-6.213,1.0,0.0446,0.731,0.0,0.0808,0.518,73.877,audio_features,3H3r2nKWa3Yk5gt8xgmsEt,spotify:track:3H3r2nKWa3Yk5gt8xgmsEt,https://api.spotify.com/v1/tracks/3H3r2nKWa3Yk5gt8xgmsEt,https://api.spotify.com/v1/audio-analysis/3H3r2nKWa3Yk5gt8xgmsEt,194853.0,4.0,
169,0.921,0.537,9.0,-5.723,0.0,0.0804,0.556,0.00404,0.102,0.711,128.009,audio_features,0JP9xo3adEtGSdUEISiszL,spotify:track:0JP9xo3adEtGSdUEISiszL,https://api.spotify.com/v1/tracks/0JP9xo3adEtGSdUEISiszL,https://api.spotify.com/v1/audio-analysis/0JP9xo3adEtGSdUEISiszL,135090.0,4.0,
170,0.787,0.713,7.0,-5.252,1.0,0.401,0.0849,0.0,0.717,0.762,175.041,audio_features,4sWuPniHClkInYAnzXAYUF,spotify:track:4sWuPniHClkInYAnzXAYUF,https://api.spotify.com/v1/tracks/4sWuPniHClkInYAnzXAYUF,https://api.spotify.com/v1/audio-analysis/4sWuPniHClkInYAnzXAYUF,148759.0,4.0,
171,0.863,0.633,10.0,-5.002,0.0,0.287,0.0118,0.0,0.285,0.545,163.991,audio_features,1E3VQQWFQAPJkXfYHjqWoI,spotify:track:1E3VQQWFQAPJkXfYHjqWoI,https://api.spotify.com/v1/tracks/1E3VQQWFQAPJkXfYHjqWoI,https://api.spotify.com/v1/audio-analysis/1E3VQQWFQAPJkXfYHjqWoI,176750.0,4.0,
172,0.562,0.589,7.0,-7.509,1.0,0.265,0.0679,0.0,0.0684,0.188,88.903,audio_features,192RjH0gN6en7nE6ElN96T,spotify:track:192RjH0gN6en7nE6ElN96T,https://api.spotify.com/v1/tracks/192RjH0gN6en7nE6ElN96T,https://api.spotify.com/v1/audio-analysis/192RjH0gN6en7nE6ElN96T,184444.0,1.0,
173,0.778,0.317,1.0,-10.732,0.0,0.334,0.592,0.0,0.0881,0.327,140.048,audio_features,6ocbgoVGwYJhOv1GgI9NsF,spotify:track:6ocbgoVGwYJhOv1GgI9NsF,https://api.spotify.com/v1/tracks/6ocbgoVGwYJhOv1GgI9NsF,https://api.spotify.com/v1/audio-analysis/6ocbgoVGwYJhOv1GgI9NsF,178627.0,4.0,
174,0.616,0.438,1.0,-5.968,1.0,0.0298,0.356,0.0,0.24,0.386,135.929,audio_features,3GJ4hzg4lrGwU51Y3VARbF,spotify:track:3GJ4hzg4lrGwU51Y3VARbF,https://api.spotify.com/v1/tracks/3GJ4hzg4lrGwU51Y3VARbF,https://api.spotify.com/v1/audio-analysis/3GJ4hzg4lrGwU51Y3VARbF,213387.0,4.0,
175,0.664,0.572,5.0,-6.099,0.0,0.0305,0.0811,0.00604,0.121,0.143,108.959,audio_features,2p8IUWQDrpjuFltbdgLOag,spotify:track:2p8IUWQDrpjuFltbdgLOag,https://api.spotify.com/v1/tracks/2p8IUWQDrpjuFltbdgLOag,https://api.spotify.com/v1/audio-analysis/2p8IUWQDrpjuFltbdgLOag,361027.0,4.0,
176,0.657,0.768,8.0,-4.628,1.0,0.0507,0.108,0.0,0.144,0.759,75.025,audio_features,6kls8cSlUyHW2BUOkDJIZE,spotify:track:6kls8cSlUyHW2BUOkDJIZE,https://api.spotify.com/v1/tracks/6kls8cSlUyHW2BUOkDJIZE,https://api.spotify.com/v1/audio-analysis/6kls8cSlUyHW2BUOkDJIZE,186223.0,4.0,
177,0.621,0.882,6.0,-5.01,1.0,0.0459,0.601,0.0,0.132,0.573,126.023,audio_features,6FniJZn4agmDtPx1pKZQsa,spotify:track:6FniJZn4agmDtPx1pKZQsa,https://api.spotify.com/v1/tracks/6FniJZn4agmDtPx1pKZQsa,https://api.spotify.com/v1/audio-analysis/6FniJZn4agmDtPx1pKZQsa,216573.0,4.0,
178,0.879,0.448,7.0,-8.57,0.0,0.221,0.0341,0.0,0.224,0.279,136.988,audio_features,2fOlBMkWR7lXJfqp5VTbDG,spotify:track:2fOlBMkWR7lXJfqp5VTbDG,https://api.spotify.com/v1/tracks/2fOlBMkWR7lXJfqp5VTbDG,https://api.spotify.com/v1/audio-analysis/2fOlBMkWR7lXJfqp5VTbDG,198913.0,4.0,
179,0.682,0.683,8.0,-6.444,0.0,0.0287,0.156,2.32e-05,0.273,0.64,120.023,audio_features,57RA3JGafJm5zRtKJiKPIm,spotify:track:57RA3JGafJm5zRtKJiKPIm,https://api.spotify.com/v1/tracks/57RA3JGafJm5zRtKJiKPIm,https://api.spotify.com/v1/audio-analysis/57RA3JGafJm5zRtKJiKPIm,178000.0,4.0,
180,0.753,0.502,1.0,-6.879,1.0,0.264,0.0439,1.54e-06,0.128,0.349,205.895,audio_features,1Tfxi7N3DW4zvAuVjt9g8X,spotify:track:1Tfxi7N3DW4zvAuVjt9g8X,https://api.spotify.com/v1/tracks/1Tfxi7N3DW4zvAuVjt9g8X,https://api.spotify.com/v1/audio-analysis/1Tfxi7N3DW4zvAuVjt9g8X,178217.0,4.0,
181,0.9,0.603,2.0,-5.313,1.0,0.0646,0.402,4.81e-06,0.134,0.824,129.928,audio_features,41wtwzCZkXwpnakmwJ239F,spotify:track:41wtwzCZkXwpnakmwJ239F,https://api.spotify.com/v1/tracks/41wtwzCZkXwpnakmwJ239F,https://api.spotify.com/v1/audio-analysis/41wtwzCZkXwpnakmwJ239F,170972.0,4.0,
182,0.752,0.488,6.0,-7.05,1.0,0.0705,0.297,9.11e-06,0.0936,0.533,136.041,audio_features,6FZDfxM3a3UCqtzo5pxSLZ,spotify:track:6FZDfxM3a3UCqtzo5pxSLZ,https://api.spotify.com/v1/tracks/6FZDfxM3a3UCqtzo5pxSLZ,https://api.spotify.com/v1/audio-analysis/6FZDfxM3a3UCqtzo5pxSLZ,201661.0,4.0,
183,0.628,0.639,8.0,-5.46,1.0,0.0435,0.00162,0.0,0.354,0.493,108.045,audio_features,6KfoDhO4XUWSbnyKjNp9c4,spotify:track:6KfoDhO4XUWSbnyKjNp9c4,https://api.spotify.com/v1/tracks/6KfoDhO4XUWSbnyKjNp9c4,https://api.spotify.com/v1/audio-analysis/6KfoDhO4XUWSbnyKjNp9c4,185773.0,4.0,
184,0.63,0.804,6.0,-4.183,1.0,0.0363,0.215,0.0,0.253,0.492,123.146,audio_features,3a1lNhkSLSkpJE4MSHpDu9,spotify:track:3a1lNhkSLSkpJE4MSHpDu9,https://api.spotify.com/v1/tracks/3a1lNhkSLSkpJE4MSHpDu9,https://api.spotify.com/v1/audio-analysis/3a1lNhkSLSkpJE4MSHpDu9,220293.0,4.0,
185,0.784,0.517,4.0,-8.981,0.0,0.209,0.0249,1.44e-06,0.155,0.206,97.991,audio_features,3s4mrPrEFFPF0LmAfutW0n,spotify:track:3s4mrPrEFFPF0LmAfutW0n,https://api.spotify.com/v1/tracks/3s4mrPrEFFPF0LmAfutW0n,https://api.spotify.com/v1/audio-analysis/3s4mrPrEFFPF0LmAfutW0n,200187.0,4.0,
186,0.647,0.844,0.0,-3.756,1.0,0.0457,0.0137,0.000658,0.102,0.746,146.962,audio_features,3AzjcOeAmA57TIOr9zF1ZW,spotify:track:3AzjcOeAmA57TIOr9zF1ZW,https://api.spotify.com/v1/tracks/3AzjcOeAmA57TIOr9zF1ZW,https://api.spotify.com/v1/audio-analysis/3AzjcOeAmA57TIOr9zF1ZW,193829.0,4.0,
187,0.79,0.569,5.0,-7.591,0.0,0.235,0.22,0.0,0.161,0.213,86.011,audio_features,5i8AHhRU9tfp8c3drQetaa,spotify:track:5i8AHhRU9tfp8c3drQetaa,https://api.spotify.com/v1/tracks/5i8AHhRU9tfp8c3drQetaa,https://api.spotify.com/v1/audio-analysis/5i8AHhRU9tfp8c3drQetaa,189501.0,4.0,
188,0.575,0.621,10.0,-8.165,0.0,0.032,0.0392,0.0045,0.141,0.27,101.987,audio_features,4jAIqgrPjKLTY9Gbez25Qb,spotify:track:4jAIqgrPjKLTY9Gbez25Qb,https://api.spotify.com/v1/tracks/4jAIqgrPjKLTY9Gbez25Qb,https://api.spotify.com/v1/audio-analysis/4jAIqgrPjKLTY9Gbez25Qb,172213.0,4.0,
189,0.681,0.726,7.0,-5.1,1.0,0.0453,0.162,0.0,0.119,0.819,84.98,audio_features,5TI10v8sy9VPp5YhVRVK1f,spotify:track:5TI10v8sy9VPp5YhVRVK1f,https://api.spotify.com/v1/tracks/5TI10v8sy9VPp5YhVRVK1f,https://api.spotify.com/v1/audio-analysis/5TI10v8sy9VPp5YhVRVK1f,176729.0,4.0,
190,0.696,0.686,5.0,-6.113,0.0,0.0309,0.262,0.0,0.174,0.7,115.982,audio_features,49dFIRQCQxPWgoH0m38XQ5,spotify:track:49dFIRQCQxPWgoH0m38XQ5,https://api.spotify.com/v1/tracks/49dFIRQCQxPWgoH0m38XQ5,https://api.spotify.com/v1/audio-analysis/49dFIRQCQxPWgoH0m38XQ5,160289.0,4.0,
191,0.551,0.801,6.0,-5.069,1.0,0.0303,0.013,6.03e-06,0.265,0.625,128.027,audio_features,1mMLMZYXkMueg65jRRWG1l,spotify:track:1mMLMZYXkMueg65jRRWG1l,https://api.spotify.com/v1/tracks/1mMLMZYXkMueg65jRRWG1l,https://api.spotify.com/v1/audio-analysis/1mMLMZYXkMueg65jRRWG1l,240760.0,4.0,
192,0.594,0.798,4.0,-5.244,1.0,0.0844,0.115,0.0,0.143,0.381,142.049,audio_features,1Knctxx9vGZxpZfF66BIEa,spotify:track:1Knctxx9vGZxpZfF66BIEa,https://api.spotify.com/v1/tracks/1Knctxx9vGZxpZfF66BIEa,https://api.spotify.com/v1/audio-analysis/1Knctxx9vGZxpZfF66BIEa,191840.0,4.0,
193,0.617,0.525,8.0,-10.426,0.0,0.12,0.554,1.1e-06,0.135,0.377,135.781,audio_features,63wx9vdskaXbYxyDx4oJCZ,spotify:track:63wx9vdskaXbYxyDx4oJCZ,https://api.spotify.com/v1/tracks/63wx9vdskaXbYxyDx4oJCZ,https://api.spotify.com/v1/audio-analysis/63wx9vdskaXbYxyDx4oJCZ,212867.0,4.0,
194,0.876,0.733,10.0,-4.478,0.0,0.333,0.0208,0.0,0.0999,0.962,154.904,audio_features,6klLvorLoo1sxvZcjJIY8I,spotify:track:6klLvorLoo1sxvZcjJIY8I,https://api.spotify.com/v1/tracks/6klLvorLoo1sxvZcjJIY8I,https://api.spotify.com/v1/audio-analysis/6klLvorLoo1sxvZcjJIY8I,148630.0,4.0,
195,0.892,0.486,11.0,-8.637,0.0,0.384,0.048,0.0,0.146,0.535,120.998,audio_features,3tDqEKKUs6gf8zMvSuLyLA,spotify:track:3tDqEKKUs6gf8zMvSuLyLA,https://api.spotify.com/v1/tracks/3tDqEKKUs6gf8zMvSuLyLA,https://api.spotify.com/v1/audio-analysis/3tDqEKKUs6gf8zMvSuLyLA,214215.0,4.0,
196,0.97,0.463,10.0,-7.259,1.0,0.366,0.0957,0.0,0.151,0.46,108.003,audio_features,5MPPttjfGap2C6j6eKcO6J,spotify:track:5MPPttjfGap2C6j6eKcO6J,https://api.spotify.com/v1/tracks/5MPPttjfGap2C6j6eKcO6J,https://api.spotify.com/v1/audio-analysis/5MPPttjfGap2C6j6eKcO6J,142417.0,4.0,
197,0.565,0.598,6.0,-5.894,1.0,0.0276,0.335,0.0,0.124,0.449,155.814,audio_features,5v6gozUHFv9OoNdFYz6p8V,spotify:track:5v6gozUHFv9OoNdFYz6p8V,https://api.spotify.com/v1/tracks/5v6gozUHFv9OoNdFYz6p8V,https://api.spotify.com/v1/audio-analysis/5v6gozUHFv9OoNdFYz6p8V,199068.0,4.0,
198,0.706,0.358,6.0,-8.331,1.0,0.0348,0.677,0.0,0.107,0.478,75.991,audio_features,08dFHFTx6r67MTsYn5ilDR,spotify:track:08dFHFTx6r67MTsYn5ilDR,https://api.spotify.com/v1/tracks/08dFHFTx6r67MTsYn5ilDR,https://api.spotify.com/v1/audio-analysis/08dFHFTx6r67MTsYn5ilDR,186240.0,4.0,
